CATEGORY	MEAN	VARIANCE	INDEX_OF_DISPERSION
pathogenic	6.166146158650843	5.285726411620666	0.8572171783837811
benign	300.0930668332292	2405.0709984641353	8.014417073489758
